dataset,obj_id,memscore,obj_values
katherine,1,0.887068,15.0
katherine,2,0.834815,300.0
katherine,3,0.930309,50.0
katherine,4,0.859974,1.0
katherine,5,0.829425,25.0
katherine,6,0.873348,35.0
katherine,7,0.892828,5.0
katherine,8,0.825911,50.0
katherine,9,0.922807,5.0
katherine,10,0.803805,20.0
katherine,11,0.901436,10.0
katherine,12,0.936112,3.0
katherine,13,0.902917,100.0
katherine,14,0.898496,3.0
katherine,15,0.962761,3.0
katherine,16,0.953495,15.0
katherine,17,0.86114,300.0
katherine,18,0.836924,50.0
katherine,19,0.871724,100.0
katherine,20,0.865934,3.0
katherine,21,0.918501,1.0
katherine,22,0.916108,1.0
katherine,23,0.883235,500.0
katherine,24,0.903023,20.0
katherine,25,0.823871,500.0
katherine,26,0.885823,5.0
katherine,27,0.90795,5.0
katherine,28,0.923496,3.0
katherine,29,0.897976,20.0
katherine,30,0.813945,100.0
katherine,31,0.913949,5.0
katherine,32,0.86691,10.0
katherine,33,0.837583,15.0
katherine,34,0.84553,500.0
katherine,35,0.929769,20.0
katherine,36,0.835771,1.0
katherine,37,0.929824,20.0
katherine,38,0.901144,20.0
katherine,39,0.883493,5.0
katherine,40,0.848073,5.0
katherine,41,0.855036,20.0
katherine,42,0.892317,10.0
katherine,43,0.912631,20.0
katherine,44,0.805241,40.0
katherine,45,0.918546,5.0
katherine,46,0.880394,10.0
katherine,47,0.839937,300.0
katherine,48,0.919382,5.0
katherine,49,0.907636,80.0
katherine,50,0.920162,20.0
katherine,51,0.891937,20.0
katherine,52,0.901182,3.0
katherine,53,0.852429,1.0
katherine,54,0.879898,1.0
katherine,55,0.855119,3.0
katherine,56,0.90279,10.0
katherine,57,0.896674,10.0
katherine,58,0.87577,10.0
katherine,59,0.910893,20.0
katherine,60,0.838812,30.0
katherine,61,0.919183,10.0
katherine,62,0.895449,5.0
katherine,63,0.936929,1.0
katherine,64,0.845799,1.0
katherine,65,0.890228,10.0
katherine,66,0.925027,10.0
katherine,67,0.93136,20.0
katherine,68,0.931485,8.0
katherine,69,0.904151,50.0
katherine,70,0.901929,5.0
katherine,71,0.914078,1.0
katherine,72,0.908758,80.0
katherine,73,0.855175,1.0
katherine,74,0.851438,70.0
katherine,75,0.852192,200.0
katherine,76,0.858821,20.0
katherine,77,0.808618,2.0
katherine,78,0.894527,20.0
katherine,79,0.758451,100.0
katherine,80,0.93513,80.0
katherine,81,0.902584,500.0
katherine,82,0.872407,35.0
katherine,83,0.83523,500.0
katherine,84,0.89816,50.0
katherine,85,0.832331,100.0
katherine,86,0.88539,50.0
katherine,87,0.91232,60.0
katherine,88,0.896144,100.0
katherine,89,0.924031,4.0
katherine,90,0.925492,1.0
katherine,91,0.821326,100.0
katherine,92,0.896142,100.0
katherine,93,0.928958,10.0
katherine,94,0.935417,10.0
katherine,95,0.845042,200.0
katherine,96,0.929188,10.0
katherine,97,0.905051,20.0
katherine,98,0.877302,8.0
katherine,99,0.945522,10.0
katherine,100,0.862252,35.0
katherine,101,0.87476,100.0
katherine,102,0.878886,10.0
katherine,103,0.927278,10.0
katherine,104,0.858972,100.0
katherine,105,0.92081,20.0
katherine,106,0.9026,10.0
katherine,107,0.902939,5.0
katherine,108,0.846494,5.0
katherine,109,0.886767,20.0
katherine,110,0.90048,20.0
katherine,111,0.923918,40.0
katherine,112,0.891299,50.0
katherine,113,0.859682,30.0
katherine,114,0.860066,100.0
katherine,115,0.891828,10.0
katherine,116,0.874784,100.0
katherine,117,0.983227,5.0
katherine,118,0.765051,100.0
katherine,119,0.926035,40.0
katherine,120,0.843481,200.0
katherine,121,0.90503,5.0
katherine,122,0.890821,10.0
katherine,123,0.896743,5.0
katherine,124,0.899624,10.0
katherine,125,0.945095,10.0
katherine,126,0.878337,100.0
katherine,127,0.900019,100.0
katherine,128,0.86358,150.0
katherine,129,0.860113,20.0
katherine,130,0.896349,1.0
katherine,131,0.960999,3.0
katherine,132,0.904957,5.0
katherine,133,0.908139,1.0
katherine,134,0.919499,10.0
katherine,135,0.853848,1.0
katherine,136,0.888853,15.0
katherine,137,0.935944,1.0
katherine,138,0.816429,1.0
katherine,139,0.875493,10.0
katherine,140,0.867283,15.0
katherine,141,0.896679,4.0
katherine,142,0.791619,50.0
katherine,143,0.852822,30.0
katherine,144,0.907653,1.0
katherine,145,0.879518,10.0
katherine,146,0.854906,10.0
katherine,147,0.868206,40.0
katherine,148,0.884797,5.0
katherine,149,0.900118,100.0
katherine,150,0.88431,30.0
katherine,151,0.831377,90.0
katherine,152,0.935391,15.0
katherine,153,0.90715,5.0
katherine,154,0.955716,30.0
katherine,155,0.873726,5.0
katherine,156,0.78676,500.0
katherine,157,0.931612,20.0
katherine,158,0.86159,10.0
katherine,159,0.91424,10.0
katherine,160,0.852872,20.0
katherine,161,0.873945,30.0
katherine,162,0.811681,15.0
katherine,163,0.912128,1.0
katherine,164,0.871507,50.0
katherine,165,0.88148,50.0
katherine,166,0.878396,3.0
katherine,167,0.901777,50.0
katherine,168,0.917423,10.0
katherine,169,0.794343,60.0
katherine,170,0.962777,10.0
katherine,171,0.882465,5.0
katherine,172,0.823137,10.0
katherine,173,0.834715,30.0
katherine,174,0.883539,5.0
katherine,175,0.912695,20.0
katherine,176,0.900217,10.0
katherine,177,0.924224,10.0
katherine,178,0.930072,5.0
katherine,179,0.915998,5.0
katherine,180,0.973023,1.0
katherine,181,0.85415,500.0
katherine,182,0.854532,300.0
katherine,183,0.809273,20.0
katherine,184,0.884249,4.0
katherine,185,0.896907,5.0
katherine,186,0.897133,1.0
katherine,187,0.932001,5.0
katherine,188,0.861372,4.0
katherine,189,0.929093,30.0
katherine,190,0.94475,3.0
katherine,191,0.854101,20.0
katherine,192,0.901732,5.0
katherine,193,0.899075,5.0
katherine,194,0.976659,1.0
katherine,195,0.896835,5.0
katherine,196,0.89079,10.0
katherine,197,0.854358,50.0
katherine,198,0.829211,30000.0
katherine,199,0.892924,4.0
katherine,200,0.850971,10.0
katherine,201,0.867063,5.0
katherine,202,0.873076,20.0
katherine,203,0.929334,5.0
katherine,204,0.797717,10.0
katherine,205,0.833773,10.0
katherine,206,0.917611,10.0
katherine,207,0.872809,300.0
katherine,208,0.783764,200.0
katherine,209,0.769198,15.0
katherine,210,0.910058,1.0
katherine,211,0.896378,10.0
katherine,212,0.920816,2.0
katherine,213,0.917634,1.0
katherine,214,0.877114,40.0
katherine,215,0.901031,1.0
katherine,216,0.881791,70.0
katherine,217,0.889253,2.0
katherine,218,0.874353,10.0
katherine,219,0.932155,5.0
katherine,220,0.918482,20.0
katherine,221,0.822617,20.0
katherine,222,0.870904,10.0
katherine,223,0.854587,40.0
katherine,224,0.888016,2.0
katherine,225,0.870623,40.0
katherine,226,0.889009,30.0
katherine,227,0.915069,30.0
katherine,228,0.894909,30.0
katherine,229,0.835356,30.0
katherine,230,0.904823,2.0
katherine,231,0.852604,10.0
katherine,232,0.93183,10.0
katherine,233,0.980763,5.0
katherine,234,0.886659,5.0
katherine,235,0.937375,5.0
katherine,236,0.897757,10.0
katherine,237,0.906265,5.0
katherine,238,0.907212,300.0
katherine,239,0.8842,6.0
katherine,240,0.916806,10.0
katherine,241,0.927753,10.0
katherine,242,0.915119,10.0
katherine,243,0.901188,5.0
katherine,244,0.953285,10.0
katherine,245,0.895109,5.0
katherine,246,0.921128,1.0
katherine,247,0.919868,5.0
katherine,248,0.846974,10.0
katherine,249,0.862638,20.0
katherine,250,0.828036,50.0
katherine,251,0.860877,50.0
katherine,252,0.855319,5.0
katherine,253,0.885798,20.0
katherine,254,0.912481,5.0
katherine,255,0.895507,50.0
katherine,256,0.908421,3.0
katherine,257,0.885963,8.0
katherine,258,0.90493,10.0
katherine,259,0.942817,1.0
katherine,260,0.922822,3.0
katherine,261,0.864473,30.0
katherine,262,0.840992,10.0
katherine,263,0.893545,80.0
katherine,264,0.884782,100.0
katherine,265,0.907172,5.0
katherine,266,0.880134,5.0
katherine,267,0.908705,3.0
katherine,268,0.896116,1.0
katherine,269,0.921572,20.0
katherine,270,0.86645,10.0
katherine,271,0.910857,10.0
katherine,272,0.841563,10.0
katherine,273,0.866585,5.0
katherine,274,0.939615,5.0
katherine,275,0.882353,20.0
katherine,276,0.922095,5.0
katherine,277,0.926263,1.0
katherine,278,0.85196,1.0
katherine,279,0.904338,30.0
katherine,280,0.888526,10.0
katherine,281,0.931499,10.0
katherine,282,0.896062,2.0
katherine,283,0.900547,15.0
katherine,284,0.849438,5.0
katherine,285,0.901616,100.0
katherine,286,0.857668,4.0
katherine,287,0.931574,1.0
katherine,288,0.92773,5.0
katherine,289,0.87175,20.0
katherine,290,0.900077,5.0
katherine,291,0.894022,100.0
katherine,292,0.877425,3.0
katherine,293,0.906181,2.0
katherine,294,0.877681,5.0
katherine,295,0.911403,100.0
katherine,296,0.913259,5.0
katherine,297,0.855064,5.0
katherine,298,0.817992,2.0
katherine,299,0.846285,50.0
katherine,300,0.904667,3.0
katherine,301,0.886022,10.0
katherine,302,0.909068,15.0
katherine,303,0.893021,5.0
katherine,304,0.902607,20.0
katherine,305,0.880288,120.0
katherine,306,0.879215,2.0
katherine,307,0.893163,12.0
katherine,308,0.870396,5.0
katherine,309,0.907233,7.0
katherine,310,0.84366,30.0
katherine,311,0.943585,5.0
katherine,312,0.909721,5.0
katherine,313,0.902648,30.0
katherine,314,0.897948,4.0
katherine,315,0.884297,8.0
katherine,316,0.813308,200.0
katherine,317,0.901212,100.0
katherine,318,0.836228,20000.0
katherine,319,0.913426,5.0
katherine,320,0.831431,15000.0
katherine,321,0.835609,3.0
katherine,322,0.901054,5.0
katherine,323,0.888853,8.0
katherine,324,0.85947,30.0
katherine,325,0.803044,50.0
katherine,326,0.847882,200.0
katherine,327,0.947104,10.0
katherine,328,0.863061,20.0
katherine,329,0.906922,10.0
katherine,330,0.915012,15.0
katherine,331,0.876756,35.0
katherine,332,0.933628,20.0
katherine,333,0.892256,3.0
katherine,334,0.876117,1.0
katherine,335,0.863581,3.0
katherine,336,0.844178,5.0
katherine,337,0.917633,10.0
katherine,338,0.827442,40.0
katherine,339,0.909767,5.0
katherine,340,0.8926,20.0
katherine,341,0.914446,15.0
katherine,342,0.906134,20.0
katherine,343,0.853658,5.0
katherine,344,0.893603,25.0
katherine,345,0.874138,4.0
katherine,346,0.915616,20.0
katherine,347,0.845773,2.0
katherine,348,0.859011,30.0
katherine,349,0.890012,20.0
katherine,350,0.888394,5.0
katherine,351,0.947932,150.0
katherine,352,0.906996,3.0
katherine,353,0.894038,200.0
katherine,354,0.865903,120.0
katherine,355,0.852008,100.0
katherine,356,0.928522,150.0
katherine,357,0.927073,5.0
katherine,358,0.945888,20.0
katherine,359,0.916617,2.0
katherine,360,0.876499,10.0
katherine,361,0.905085,7.0
katherine,362,0.920055,20.0
katherine,363,0.935579,10.0
katherine,364,0.885998,2.0
katherine,365,0.820498,15.0
katherine,366,0.817197,5.0
katherine,367,0.895777,20.0
katherine,368,0.934944,50.0
katherine,369,0.894967,15.0
katherine,370,0.89177,2.0
katherine,371,0.848479,80.0
katherine,372,0.876711,3.0
katherine,373,0.915818,10.0
katherine,374,0.855315,100.0
katherine,375,0.888976,200.0
katherine,376,0.931516,1.0
katherine,377,0.885043,3.0
katherine,378,0.896886,80.0
katherine,379,0.870998,3.0
katherine,380,0.832622,90.0
katherine,381,0.909125,10.0
katherine,382,0.839318,8.0
katherine,383,0.872663,40.0
katherine,384,0.899219,6.0
katherine,385,0.920587,10.0
katherine,386,0.86704,10.0
katherine,387,0.837381,300.0
katherine,388,0.915223,15.0
katherine,389,0.93796,10.0
katherine,390,0.869707,10.0
katherine,391,0.927948,15.0
katherine,392,0.861484,15.0
katherine,393,0.882688,20.0
katherine,394,0.904611,8.0
katherine,395,0.902878,12.0
katherine,396,0.873198,75.0
katherine,397,0.83005,8.0
katherine,398,0.936908,10.0
katherine,399,0.876458,10.0
katherine,400,0.809597,12.0
katherine,401,0.895991,15.0
katherine,402,0.88081,8.0
katherine,403,0.862077,6.0
katherine,404,0.907611,20.0
katherine,405,0.917263,90.0
katherine,406,0.907535,5.0
katherine,407,0.859829,20.0
katherine,408,0.9287,15.0
katherine,409,0.877131,0.01
katherine,410,0.883733,20.0
katherine,411,0.891632,5.0
katherine,412,0.902925,1.0
katherine,413,0.85096,3.0
katherine,414,0.846865,40.0
katherine,415,0.897489,12.0
katherine,416,0.906784,40.0
katherine,417,0.935887,500.0
katherine,418,0.85032,30.0
katherine,419,0.895167,12.0
katherine,420,0.913189,5.0
katherine,421,0.915954,4.0
katherine,422,0.856765,50.0
katherine,423,0.813647,70.0
katherine,424,0.877129,1.0
katherine,425,0.871413,100.0
katherine,426,0.870007,3.0
katherine,427,0.940034,0.25
katherine,428,0.912951,1.0
katherine,429,0.915376,4.0
katherine,430,0.833783,200.0
katherine,431,0.843765,0.5
katherine,432,0.885135,100.0
katherine,433,0.896545,40.0
katherine,434,0.896882,20.0
katherine,435,0.877463,5.0
katherine,436,0.921122,10.0
katherine,437,0.878153,20.0
katherine,438,0.961078,4.0
katherine,439,0.934003,20.0
katherine,440,0.876958,30.0
katherine,441,0.889723,100.0
katherine,442,0.871027,3.0
katherine,443,0.95191,5.0
katherine,444,0.890239,140.0
katherine,445,0.864326,3.0
katherine,446,0.803596,20.0
katherine,447,0.826555,6.0
katherine,448,0.872402,10.0
katherine,449,0.912238,25.0
katherine,450,0.876931,15.0
katherine,451,0.891353,50.0
katherine,452,0.932428,4.0
katherine,453,0.709495,10.0
katherine,454,0.908954,60.0
katherine,455,0.871225,5.0
katherine,456,0.884932,8.0
katherine,457,0.853159,10.0
katherine,458,0.871547,200.0
katherine,459,0.885792,10.0
katherine,460,0.799277,10.0
katherine,461,0.911274,4.0
katherine,462,0.874675,1.0
katherine,463,0.921834,2.0
katherine,464,0.862555,100.0
katherine,465,0.904832,12.0
katherine,466,0.885354,10000.0
katherine,467,0.939252,5.0
katherine,468,0.799391,100.0
katherine,469,0.838824,200.0
katherine,470,0.889246,60.0
katherine,471,0.944267,2.0
katherine,472,0.899746,40.0
katherine,473,0.943639,1.0
katherine,474,0.870807,20.0
katherine,475,0.872448,3.0
katherine,476,0.890505,2.0
katherine,477,0.824682,40.0
katherine,478,0.845833,80.0
katherine,479,0.746402,120.0
katherine,480,0.879452,90.0
katherine,481,0.900078,100.0
katherine,482,0.9248,250.0
katherine,483,0.870397,3.0
katherine,484,0.869637,0.05
katherine,485,0.895627,60.0
katherine,486,0.931318,3.0
katherine,487,0.918256,20.0
katherine,488,0.928929,25.0
katherine,489,0.86673,6.0
katherine,490,0.886378,15.0
katherine,491,0.862788,20.0
katherine,492,0.844225,90.0
katherine,493,0.894556,50.0
katherine,494,0.94055,20.0
katherine,495,0.876614,250.0
katherine,496,0.905309,2.0
katherine,497,0.918868,15.0
katherine,498,0.934051,2.0
katherine,499,0.950172,3.0
katherine,500,0.881145,8.0
katherine,501,0.904112,20.0
katherine,502,0.914286,5.0
katherine,503,0.93701,8.0
katherine,504,0.886186,6.0
katherine,505,0.879306,18.0
katherine,506,0.884005,8.0
katherine,507,0.888154,2.0
katherine,508,0.884323,1.0
katherine,509,0.883093,4.0
katherine,510,0.902254,20.0
katherine,511,0.87702,350.0
katherine,512,0.884626,5.0
katherine,513,0.967314,3.0
katherine,514,0.962694,5.0
katherine,515,0.936279,2.0
katherine,516,0.86615,120.0
katherine,517,0.857211,12.0
katherine,518,0.911802,8.0
katherine,519,0.871848,5.0
katherine,520,0.845313,30.0
katherine,521,0.954106,10.0
katherine,522,0.798102,20.0
katherine,523,0.927761,90.0
katherine,524,0.881816,3.0
katherine,525,0.929061,15.0
katherine,526,0.827897,3.0
katherine,527,0.918171,5.0
katherine,528,0.897767,60.0
katherine,529,0.93332,12.0
katherine,530,0.921788,2.0
katherine,531,0.858324,2000.0
katherine,532,0.91241,10.0
katherine,533,0.874669,8.0
katherine,534,0.928385,4.0
katherine,535,0.859243,20.0
katherine,536,0.900219,400.0
katherine,537,0.895986,15.0
katherine,538,0.889638,12.0
katherine,539,0.833617,40.0
katherine,540,0.908569,15.0
katherine,541,0.876972,100.0
katherine,542,0.911551,30.0
katherine,543,0.897248,6.0
katherine,544,0.809225,30.0
katherine,545,0.897596,8.0
katherine,546,0.932414,30.0
katherine,547,0.917185,8.0
katherine,548,0.903639,2.0
katherine,549,0.951359,40.0
katherine,550,0.897437,8.0
katherine,551,0.901079,12.0
katherine,552,0.88101,50.0
katherine,553,0.865372,2.0
katherine,554,0.893268,2.0
katherine,555,0.838448,250.0
katherine,556,0.806678,12.0
katherine,557,0.87262,20.0
katherine,558,0.886396,250.0
katherine,559,0.919553,100.0
katherine,560,0.914488,8.0
katherine,561,0.90271,150.0
katherine,562,0.908034,200.0
katherine,563,0.849444,40.0
katherine,564,0.860064,6.0
katherine,565,0.884728,150.0
katherine,566,0.873093,30.0
katherine,567,0.867403,80.0
katherine,568,0.8812,100000.0
katherine,569,0.853489,1.0
katherine,570,0.859491,7.0
katherine,571,0.850168,90.0
katherine,572,0.869187,4.0
katherine,573,0.96091,70.0
katherine,574,0.884749,40.0
katherine,575,0.87234,20.0
katherine,576,0.911029,6.0
katherine,577,0.86405,20000.0
katherine,578,0.939358,12.0
katherine,579,0.906546,4.0
katherine,580,0.918352,5.0
katherine,581,0.903287,30.0
katherine,582,0.867332,5.0
katherine,583,0.86221,0.5
katherine,584,0.92818,6.0
katherine,585,0.855203,1.0
katherine,586,0.8933,25.0
katherine,587,0.928272,120.0
katherine,588,0.928002,80.0
katherine,589,0.874622,120.0
katherine,590,0.871274,15.0
katherine,591,0.884169,10.0
katherine,592,0.919765,40.0
katherine,593,0.85519,1000.0
katherine,594,0.790781,90.0
katherine,595,0.903712,80.0
katherine,596,0.872822,150.0
katherine,597,0.935694,12.0
katherine,598,0.870266,300.0
katherine,599,0.89414,30.0
katherine,600,0.728734,30.0
katherine,601,0.874793,3.0
katherine,602,0.849878,10.0
katherine,603,0.89606,10.0
katherine,604,0.830217,50.0
katherine,605,0.884937,150.0
katherine,606,0.906595,5.0
katherine,607,0.942249,100.0
katherine,608,0.900652,10.0
katherine,609,0.77088,50.0
katherine,610,0.911373,10.0
katherine,611,0.893146,3.0
katherine,612,0.874468,10.0
katherine,613,0.906922,10.0
katherine,614,0.898335,4.0
katherine,615,0.828747,100.0
katherine,616,0.891855,100.0
katherine,617,0.896359,30.0
katherine,618,0.842472,300.0
katherine,619,0.89147,50.0
katherine,620,0.836386,20.0
katherine,621,0.924915,10.0
katherine,622,0.934985,10.0
katherine,623,0.848033,50.0
katherine,624,0.904963,60.0
katherine,625,0.916894,5.0
katherine,626,0.919148,5.0
katherine,627,0.887152,500.0
katherine,628,0.940143,100.0
katherine,629,0.872823,15.0
katherine,630,0.895059,400.0
katherine,631,0.852794,50.0
katherine,632,0.915676,10.0
katherine,633,0.889036,10.0
katherine,634,0.880529,50.0
katherine,635,0.906212,5.0
katherine,636,0.895911,10.0
katherine,637,0.871988,80.0
katherine,638,0.860914,2.0
katherine,639,0.911737,5.0
katherine,640,0.899018,400.0
katherine,641,0.873612,10.0
katherine,642,0.880581,300.0
katherine,643,0.860255,100.0
katherine,644,0.900837,20.0
katherine,645,0.873022,20.0
katherine,646,0.863874,50.0
katherine,647,0.921287,5.0
katherine,648,0.895089,5.0
katherine,649,0.816716,10000.0
katherine,650,0.861667,3.0
katherine,651,0.867312,10.0
katherine,652,0.878883,2.0
katherine,653,0.893721,5.0
katherine,654,0.845859,5.0
jonathan,1,0.860263,0.01
jonathan,2,0.852054,0.01
jonathan,3,0.855037,0.01
jonathan,4,0.898849,0.01
jonathan,5,0.854495,0.01
jonathan,6,0.88505,0.01
jonathan,7,0.846914,0.01
jonathan,8,0.875356,20.0
jonathan,9,0.890053,1.0
jonathan,10,0.826459,3.0
jonathan,11,0.899201,90.0
jonathan,12,0.870341,10.0
jonathan,13,0.84152,5.0
jonathan,14,0.863309,2.0
jonathan,15,0.904229,1.0
jonathan,16,0.88948,0.5
jonathan,17,0.875861,0.5
jonathan,18,0.846917,2.0
jonathan,19,0.835846,12.0
jonathan,20,0.890161,0.5
jonathan,21,0.888736,0.5
jonathan,22,0.915161,0.01
jonathan,23,0.852938,0.01
jonathan,24,0.853393,10.0
jonathan,25,0.885165,15.0
jonathan,26,0.901464,0.5
jonathan,27,0.85983,20.0
jonathan,28,0.902515,10.0
jonathan,29,0.892823,8.0
jonathan,30,0.878477,10.0
jonathan,31,0.854046,20.0
jonathan,32,0.917647,0.01
jonathan,33,0.878827,4.0
jonathan,34,0.834438,1.0
jonathan,35,0.894768,0.5
jonathan,36,0.85604,1.0
jonathan,37,0.892053,3.0
jonathan,38,0.820454,5.0
jonathan,39,0.887632,100.0
jonathan,40,0.806274,3.0
jonathan,41,0.898391,5.0
jonathan,42,0.846329,10.0
jonathan,43,0.876985,5.0
jonathan,44,0.860667,2.0
jonathan,45,0.874268,0.5
jonathan,46,0.890182,40.0
jonathan,47,0.880679,20.0
jonathan,48,0.907987,1.0
jonathan,49,0.885283,3.0
jonathan,50,0.866442,5.0
jonathan,51,0.879503,10.0
jonathan,52,0.891553,30.0
jonathan,53,0.883696,10.0
jonathan,54,0.910515,0.5
jonathan,55,0.869199,3.0
jonathan,56,0.905492,0.5
jonathan,57,0.839619,10.0
jonathan,58,0.855067,5.0
jonathan,59,0.872807,1.0
jonathan,60,0.918133,0.5
jonathan,61,0.890685,1.0
jonathan,62,0.924552,1.0
jonathan,63,0.873302,5.0
jonathan,64,0.82807,8.0
jonathan,65,0.866503,5.0
jonathan,66,0.841442,10.0
jonathan,67,0.899642,3.0
jonathan,68,0.92587,2.0
jonathan,69,0.875503,0.5
jonathan,70,0.885446,2.0
jonathan,71,0.849715,8.0
jonathan,72,0.888647,3.0
jonathan,73,0.886656,5.0
jonathan,74,0.868037,15.0
jonathan,75,0.844401,0.01
jonathan,76,0.878891,4.0
jonathan,77,0.895437,1.0
jonathan,78,0.879442,10.0
jonathan,79,0.889833,0.01
jonathan,80,0.887578,0.5
jonathan,81,0.903598,1.0
jonathan,82,0.884375,5.0
jonathan,83,0.883539,1.0
jonathan,84,0.889829,0.5
jonathan,85,0.877422,2.0
jonathan,86,0.8515,0.25
jonathan,87,0.762599,0.5
jonathan,88,0.890653,0.5
jonathan,89,0.90061,5.0
jonathan,90,0.860458,3.0
jonathan,91,0.902279,20.0
jonathan,92,0.899394,2.0
jonathan,93,0.888029,8.0
jonathan,94,0.868871,25.0
jonathan,95,0.911193,5.0
jonathan,96,0.88569,3.0
jonathan,97,0.820084,2.0
jonathan,98,0.894953,25.0
jonathan,99,0.852989,1.0
jonathan,100,0.83131,10.0
jonathan,101,0.893847,1.0
jonathan,102,0.883441,0.5
jonathan,103,0.854392,30.0
jonathan,104,0.880226,2.0
jonathan,105,0.850062,5.0
jonathan,106,0.907805,15.0
jonathan,107,0.878369,15.0
jonathan,108,0.864779,2.0
jonathan,109,0.894442,0.01
jonathan,110,0.880002,10.0
jonathan,111,0.88855,0.01
jonathan,112,0.877858,7.0
jonathan,113,0.85658,5.0
jonathan,114,0.863861,0.5
jonathan,115,0.86851,0.01
jonathan,116,0.902414,1.0
jonathan,117,0.897263,2.0
jonathan,118,0.894288,6.0
jonathan,119,0.864739,5.0
jonathan,120,0.881449,10.0
jonathan,121,0.854939,80.0
jonathan,122,0.911614,1.0
jonathan,123,0.909821,0.5
jonathan,124,0.862343,0.5
jonathan,125,0.898618,1.0
jonathan,126,0.89444,0.5
jonathan,127,0.851219,5.0
jonathan,128,0.894305,3.0
jonathan,129,0.883469,7.0
jonathan,130,0.885608,12.0
jonathan,131,0.913578,5.0
jonathan,132,0.882662,1.0
jonathan,133,0.893941,0.01
jonathan,134,0.904507,20.0
jonathan,135,0.886498,5.0
jonathan,136,0.922596,4.0
jonathan,137,0.881243,100.0
jonathan,138,0.896192,4.0
jonathan,139,0.897232,5.0
jonathan,140,0.880764,2.0
jonathan,141,0.865973,8.0
jonathan,142,0.885688,20.0
jonathan,143,0.882241,30.0
jonathan,144,0.899035,8.0
jonathan,145,0.905107,10.0
jonathan,146,0.884845,12.0
jonathan,147,0.91135,0.5
jonathan,148,0.897419,4.0
jonathan,149,0.9031,10.0
jonathan,150,0.872134,0.5
jonathan,151,0.824439,70.0
jonathan,152,0.829338,0.5
jonathan,153,0.897173,100.0
jonathan,154,0.931086,15.0
jonathan,155,0.832143,1.0
jonathan,156,0.870559,0.5
jonathan,157,0.875621,0.5
jonathan,158,0.847418,20.0
jonathan,159,0.895509,0.75
jonathan,160,0.897886,6.0
jonathan,161,0.882344,5.0
jonathan,162,0.873498,2.0
jonathan,163,0.901419,2.0
jonathan,164,0.887247,2.0
jonathan,165,0.833996,4.0
jonathan,166,0.898461,1.0
jonathan,167,0.872977,20.0
jonathan,168,0.929365,12.0
jonathan,169,0.896036,8.0
jonathan,170,0.882317,4.0
jonathan,171,0.901554,2.0
jonathan,172,0.893605,0.01
jonathan,173,0.892504,12.0
jonathan,174,0.797992,0.5
jonathan,175,0.878346,15.0
jonathan,176,0.913582,8.0
jonathan,177,0.870071,12.0
jonathan,178,0.868522,4.0
jonathan,179,0.88442,2.0
jonathan,180,0.90958,6.0
jonathan,181,0.909768,0.5
jonathan,182,0.900285,30.0
jonathan,183,0.921026,1.0
jonathan,184,0.914583,2.0
jonathan,185,0.872619,20.0
jonathan,186,0.907406,0.5
jonathan,187,0.848149,8.0
jonathan,188,0.884924,20.0
jonathan,189,0.886397,2.0
jonathan,190,0.85798,6.0
jonathan,191,0.849746,12.0
jonathan,192,0.860383,20.0
jonathan,193,0.885605,0.5
jonathan,194,0.866684,0.01
jonathan,195,0.919893,2.0
jonathan,196,0.888229,8.0
jonathan,197,0.874359,20.0
jonathan,198,0.872662,12.0
jonathan,199,0.88036,8.0
jonathan,200,0.856693,20.0
jonathan,201,0.859825,2.0
jonathan,202,0.931126,4.0
jonathan,203,0.901083,3.0
jonathan,204,0.890351,1.0
jonathan,205,0.857655,5.0
jonathan,206,0.895509,2.0
jonathan,207,0.879543,2.0
jonathan,208,0.879237,30000.0
jonathan,209,0.845065,0.5
jonathan,210,0.9091,1.0
jonathan,211,0.91397,1.0
jonathan,212,0.875994,4.0
jonathan,213,0.894659,8.0
jonathan,214,0.821564,150.0
jonathan,215,0.846373,4.0
jonathan,216,0.855093,2.0
jonathan,217,0.873278,25.0
jonathan,218,0.899483,5.0
jonathan,219,0.877633,3.0
jonathan,220,0.884422,2.0
jonathan,221,0.914034,10.0
jonathan,222,0.8944,15.0
jonathan,223,0.873252,4.0
jonathan,224,0.907607,8.0
jonathan,225,0.927885,1.0
jonathan,226,0.911467,2.0
jonathan,227,0.914819,10.0
jonathan,228,0.886082,30.0
jonathan,229,0.907801,20.0
jonathan,230,0.906307,10.0
jonathan,231,0.869167,5.0
jonathan,232,0.90129,12.0
jonathan,233,0.895914,30.0
jonathan,234,0.87955,1.0
jonathan,235,0.831608,0.01
jonathan,236,0.853364,1.0
jonathan,237,0.897178,6.0
jonathan,238,0.876269,8.0
jonathan,239,0.855073,2.0
jonathan,240,0.877481,0.5
jonathan,241,0.852289,1.0
jonathan,242,0.887623,2.0
jonathan,243,0.862449,20.0
jonathan,244,0.844395,8.0
jonathan,245,0.87614,30.0
jonathan,246,0.862433,8.0
jonathan,247,0.888514,140.0
jonathan,248,0.892753,45.0
jonathan,249,0.863586,5.0
jonathan,250,0.842078,15.0
jonathan,251,0.884319,4.0
jonathan,252,0.864555,1.0
jonathan,253,0.90363,2.0
jonathan,254,0.887481,2.0
jonathan,255,0.887608,15.0
jonathan,256,0.881962,1.0
jonathan,257,0.885019,0.5
jonathan,258,0.884568,1.0
jonathan,259,0.849091,10.0
jonathan,260,0.898326,1.0
jonathan,261,0.876519,30.0
jonathan,262,0.876613,20.0
jonathan,263,0.885773,3.0
jonathan,264,0.919059,4.0
jonathan,265,0.855444,2.0
jonathan,266,0.838673,4.0
jonathan,267,0.89724,150.0
jonathan,268,0.88992,1.0
jonathan,269,0.888566,1.0
jonathan,270,0.86132,20.0
jonathan,271,0.865276,60.0
jonathan,272,0.883705,2.0
jonathan,273,0.877408,25.0
jonathan,274,0.889703,20.0
jonathan,275,0.843013,2.0
jonathan,276,0.913777,2.0
jonathan,277,0.929421,10.0
jonathan,278,0.881401,30.0
jonathan,279,0.908106,6.0
jonathan,280,0.844935,40.0
jonathan,281,0.905189,8.0
jonathan,282,0.852076,12.0
jonathan,283,0.872787,10.0
jonathan,284,0.891228,2.0
jonathan,285,0.903883,8.0
jonathan,286,0.866426,12.0
jonathan,287,0.87047,0.5
jonathan,288,0.835059,7.0
jonathan,289,0.897567,8.0
jonathan,290,0.8929,12.0
jonathan,291,0.900461,2.0
jonathan,292,0.904971,5.0
jonathan,293,0.892668,1.0
jonathan,294,0.86701,40.0
jonathan,295,0.917054,15.0
jonathan,296,0.934657,10.0
jonathan,297,0.855818,5.0
jonathan,298,0.92022,15.0
jonathan,299,0.870255,2.0
jonathan,300,0.909551,3.0
jonathan,301,0.878132,20.0
jonathan,302,0.876571,3.0
jonathan,303,0.858172,7.0
jonathan,304,0.873048,80.0
jonathan,305,0.929221,50.0
jonathan,306,0.86843,0.01
jonathan,307,0.881886,50.0
jonathan,308,0.87046,10.0
jonathan,309,0.901373,40.0
jonathan,310,0.853065,0.5
jonathan,311,0.873079,1.0
jonathan,312,0.900577,8.0
jonathan,313,0.903353,1.0
jonathan,314,0.85991,100.0
jonathan,315,0.87603,50.0
jonathan,316,0.924002,5.0
jonathan,317,0.899676,5.0
jonathan,318,0.892973,10.0
jonathan,319,0.855206,0.01
jonathan,320,0.879672,20.0
jonathan,321,0.878796,100.0
jonathan,322,0.906311,20.0
jonathan,323,0.870968,100.0
jonathan,324,0.874611,50.0
jonathan,325,0.890446,1.0
jonathan,326,0.831581,2.0
jonathan,327,0.86846,1.0
jonathan,328,0.904777,120.0
jonathan,329,0.880781,5.0
jonathan,330,0.835522,1.0
jonathan,331,0.932163,5.0
jonathan,332,0.864421,3.0
jonathan,333,0.871229,5.0
jonathan,334,0.871663,35.0
jonathan,335,0.912668,1.0
jonathan,336,0.830555,30.0
jonathan,337,0.909276,15.0
jonathan,338,0.864545,10.0
jonathan,339,0.894784,5.0
jonathan,340,0.864612,5.0
jonathan,341,0.91952,2.0
jonathan,342,0.882531,5.0
jonathan,343,0.873537,60.0
jonathan,344,0.861693,15.0
jonathan,345,0.912405,20.0
jonathan,346,0.884704,5.0
jonathan,347,0.888812,300.0
jonathan,348,0.891449,5.0
jonathan,349,0.897493,15.0
jonathan,350,0.802958,3.0
jonathan,351,0.889463,150.0
jonathan,352,0.888847,15.0
jonathan,353,0.905446,50.0
jonathan,354,0.870936,10.0
jonathan,355,0.895343,7.0
jonathan,356,0.836738,20.0
jonathan,357,0.872963,2.0
jonathan,358,0.886105,20.0
jonathan,359,0.890656,5.0
jonathan,360,0.888396,10.0
jonathan,361,0.89273,5.0
jonathan,362,0.843257,5.0
jonathan,363,0.903757,40.0
jonathan,364,0.838545,50.0
jonathan,365,0.896548,10.0
jonathan,366,0.872166,2.0
jonathan,367,0.845262,2.0
jonathan,368,0.882246,50.0
jonathan,369,0.89896,40.0
jonathan,370,0.907322,40.0
jonathan,371,0.859557,0.05
jonathan,372,0.884452,1.0
jonathan,373,0.856233,10.0
jonathan,374,0.893838,15.0
jonathan,375,0.889117,0.5
jonathan,376,0.880774,3.0
jonathan,377,0.894365,5.0
jonathan,378,0.866713,10.0
jonathan,379,0.902495,30.0
jonathan,380,0.902873,5.0
jonathan,381,0.859566,1.0
jonathan,382,0.819862,50.0
jonathan,383,0.828119,50.0
jonathan,384,0.896052,10.0
jonathan,385,0.839083,25.0
jonathan,386,0.872538,3.0
jonathan,387,0.877589,4.0
jonathan,388,0.876342,40.0
jonathan,389,0.799754,0.01
jonathan,390,0.917088,1.0
jonathan,391,0.887984,15.0
jonathan,392,0.906221,15.0
jonathan,393,0.901481,15.0
jonathan,394,0.894693,15.0
jonathan,395,0.895854,2.0
jonathan,396,0.919416,2.0
jonathan,397,0.875832,30.0
jonathan,398,0.909015,2.0
jonathan,399,0.834666,0.01
jonathan,400,0.890273,2.0
jonathan,401,0.891367,15.0
jonathan,402,0.836832,5.0
jonathan,403,0.913042,1.0
jonathan,404,0.810312,3.0
jonathan,405,0.882448,10.0
jonathan,406,0.900038,200.0
jonathan,407,0.908391,10.0
jonathan,408,0.913007,2.0
jonathan,409,0.854854,5.0
jonathan,410,0.897171,2.0
jonathan,411,0.867115,40.0
jonathan,412,0.922499,0.5
jonathan,413,0.906011,1.0
jonathan,414,0.844836,300.0
jonathan,415,0.862772,10.0
jonathan,416,0.892289,5.0
jonathan,417,0.86232,35.0
jonathan,418,0.872171,2.0
jonathan,419,0.881427,15.0
jonathan,420,0.868459,40.0
jonathan,421,0.902927,0.5
jonathan,422,0.799052,500.0
jonathan,423,0.869972,80.0
jonathan,424,0.891213,5.0
jonathan,425,0.896138,35.0
jonathan,426,0.869803,35.0
jonathan,427,0.882465,15.0
jonathan,428,0.871846,40.0
jonathan,429,0.799418,20.0
jonathan,430,0.884472,10.0
jonathan,431,0.860929,40.0
jonathan,432,0.896957,10.0
jonathan,433,0.876893,10.0
jonathan,434,0.863263,3.0
jonathan,435,0.91528,5.0
jonathan,436,0.856154,90.0
jonathan,437,0.87143,15.0
jonathan,438,0.892494,35.0
jonathan,439,0.773626,5.0
jonathan,440,0.862393,50.0
jonathan,441,0.901665,2.0
jonathan,442,0.888843,2.0
jonathan,443,0.917411,2.0
jonathan,444,0.818573,25.0
jonathan,445,0.863595,15.0
jonathan,446,0.854169,1.0
jonathan,447,0.896932,15.0
jonathan,448,0.893401,4.0
jonathan,449,0.914514,2.0
jonathan,450,0.849519,50.0
jonathan,451,0.849293,60.0
jonathan,452,0.896956,40.0
jonathan,453,0.903096,60.0
jonathan,454,0.843511,1.0
jonathan,455,0.889213,5.0
jonathan,456,0.892727,5.0
jonathan,457,0.880544,50.0
jonathan,458,0.878124,15.0
jonathan,459,0.868485,2.0
jonathan,460,0.853648,50.0
jonathan,461,0.876372,15.0
jonathan,462,0.895521,8.0
jonathan,463,0.906029,5.0
jonathan,464,0.925005,15.0
jonathan,465,0.911347,10.0
jonathan,466,0.852734,50.0
jonathan,467,0.874257,35.0
jonathan,468,0.828828,20.0
jonathan,469,0.890607,20.0
jonathan,470,0.874799,10.0
jonathan,471,0.900042,10.0
jonathan,472,0.833191,50.0
jonathan,473,0.91865,35.0
jonathan,474,0.86671,5.0
jonathan,475,0.857937,20.0
jonathan,476,0.861235,80.0
jonathan,477,0.856861,60.0
jonathan,478,0.911214,30.0
jonathan,479,0.742472,5.0
jonathan,480,0.877624,20.0
jonathan,481,0.910003,5.0
jonathan,482,0.845822,1000.0
jonathan,483,0.861129,5.0
jonathan,484,0.846403,10.0
jonathan,485,0.901567,1.0
jonathan,486,0.833269,300.0
jonathan,487,0.874508,40.0
jonathan,488,0.8645,80.0
jonathan,489,0.813071,40.0
jonathan,490,0.876994,5.0
jonathan,491,0.918556,5.0
jonathan,492,0.842943,5.0
jonathan,493,0.883108,5.0
jonathan,494,0.857942,5.0
jonathan,495,0.908998,5.0
jonathan,496,0.84888,5.0
jonathan,497,0.861885,3.0
jonathan,498,0.901675,10.0
jonathan,499,0.849053,10.0
jonathan,500,0.888375,6.0
jonathan,501,0.8813,2.0
jonathan,502,0.896996,5.0
jonathan,503,0.86401,40.0
jonathan,504,0.869837,15.0
jonathan,505,0.863979,10.0
jonathan,506,0.860672,60.0
jonathan,507,0.8859,50.0
jonathan,508,0.823458,200.0
jonathan,509,0.882343,30.0
jonathan,510,0.817618,20.0
jonathan,511,0.898279,5.0
jonathan,512,0.855155,25.0
jonathan,513,0.869456,30.0
jonathan,514,0.865374,200.0
jonathan,515,0.85318,20.0
jonathan,516,0.861343,20.0
jonathan,517,0.82347,15.0
jonathan,518,0.856644,10.0
jonathan,519,0.893341,3.0
jonathan,520,0.845072,400.0
jonathan,521,0.836797,15.0
jonathan,522,0.869739,350.0
jonathan,523,0.880551,4.0
jonathan,524,0.804152,1000.0
jonathan,525,0.863916,40000.0
jonathan,526,0.895348,45.0
jonathan,527,0.858127,6.0
jonathan,528,0.81479,150.0
jonathan,529,0.859871,2.0
jonathan,530,0.843879,100.0
jonathan,531,0.864877,6.0
jonathan,532,0.822358,30.0
jonathan,533,0.903737,20.0
jonathan,534,0.885106,10.0
jonathan,535,0.835805,8.0
jonathan,536,0.878144,45.0
jonathan,537,0.89761,15.0
jonathan,538,0.905668,200.0
jonathan,539,0.884971,50.0
jonathan,540,0.882285,0.5
jonathan,541,0.880218,15.0
jonathan,542,0.833973,90.0
jonathan,543,0.848742,5.0
jonathan,544,0.843359,150.0
jonathan,545,0.919206,30.0
jonathan,546,0.906588,150.0
jonathan,547,0.872785,20000.0
jonathan,548,0.843497,3.0
jonathan,549,0.902074,15.0
jonathan,550,0.890228,10.0
jonathan,551,0.859102,3.0
jonathan,552,0.907104,4.0
jonathan,553,0.86792,4.0
jonathan,554,0.8624,4.0
jonathan,555,0.863315,6.0
jonathan,556,0.871026,15.0
jonathan,557,0.854543,20.0
jonathan,558,0.819829,45.0
jonathan,559,0.878005,150.0
jonathan,560,0.848559,100.0
jonathan,561,0.862337,10.0
jonathan,562,0.817041,30.0
jonathan,563,0.87285,4.0
jonathan,564,0.852358,3.0
jonathan,565,0.882917,10.0
jonathan,566,0.856534,12.0
jonathan,567,0.890777,2.0
jonathan,568,0.912094,40.0
jonathan,569,0.896423,100.0
jonathan,570,0.865075,30.0
jonathan,571,0.862156,40.0
jonathan,572,0.895907,3.0
jonathan,573,0.85447,40.0
jonathan,574,0.899308,2.0
jonathan,575,0.864318,3.0
jonathan,576,0.869778,12.0
jonathan,577,0.865771,60.0
jonathan,578,0.847553,100.0
jonathan,579,0.822194,70.0
jonathan,580,0.872074,4.0
jonathan,581,0.933521,6.0
jonathan,582,0.871881,2.0
jonathan,583,0.888872,0.5
jonathan,584,0.839424,200.0
jonathan,585,0.826067,150.0
jonathan,586,0.888517,20.0
jonathan,587,0.855131,30.0
jonathan,588,0.854155,7.0
jonathan,589,0.869523,45.0
jonathan,590,0.845502,5.0
jonathan,591,0.831431,30.0
jonathan,592,0.850147,30.0
jonathan,593,0.842173,30.0
jonathan,594,0.845713,4.0
jonathan,595,0.843289,0.5
jonathan,596,0.886106,6.0
jonathan,597,0.866688,0.5
jonathan,598,0.810555,200.0
jonathan,599,0.820896,60.0
jonathan,600,0.823076,100.0
jonathan,601,0.827695,2000.0
jonathan,602,0.87541,40.0
jonathan,603,0.864124,200.0
jonathan,604,0.855585,25.0
jonathan,605,0.85529,20.0
jonathan,606,0.780387,120.0
jonathan,607,0.87662,0.5
jonathan,608,0.837895,75.0
jonathan,609,0.837961,500.0
jonathan,610,0.887233,0.5
jonathan,611,0.891399,12.0
jonathan,612,0.911096,10.0
jonathan,613,0.887357,4.0
jonathan,614,0.859908,15.0
jonathan,615,0.930924,20.0
jonathan,616,0.844811,500.0
jonathan,617,0.833812,100.0
jonathan,618,0.900502,5.0
jonathan,619,0.908132,6.0
jonathan,620,0.858633,4.0
jonathan,621,0.830271,20.0
jonathan,622,0.843894,10.0
jonathan,623,0.887801,45.0
jonathan,624,0.821196,25.0
jonathan,625,0.869979,50.0
jonathan,626,0.842793,15.0
jonathan,627,0.89863,5.0
jonathan,628,0.908473,0.5
jonathan,629,0.849954,100.0
jonathan,630,0.840194,60.0
jonathan,631,0.85031,2.0
jonathan,632,0.816624,60.0
jonathan,633,0.904381,0.5
jonathan,634,0.845455,20.0
jonathan,635,0.876501,50.0
jonathan,636,0.900267,6.0
jonathan,637,0.867277,6.0
jonathan,638,0.894172,400.0
jonathan,639,0.879046,3.0
jonathan,640,0.863252,1.0
jonathan,641,0.893994,5.0
jonathan,642,0.850008,60.0
jonathan,643,0.874414,50.0
jonathan,644,0.841642,120.0
jonathan,645,0.903444,2.0
jonathan,646,0.82293,2.0
jonathan,647,0.86566,75.0
jonathan,648,0.908052,1.0
jonathan,649,0.90184,3.0
jonathan,650,0.887446,30.0
jonathan,651,0.887757,18.0
jonathan,652,0.881144,3.0
jonathan,653,0.864867,2.0
jonathan,654,0.872848,4.0
jonathan,655,0.901313,2.0
jonathan,656,0.898364,1.0
jonathan,657,0.849383,8.0
jonathan,658,0.803698,90.0
jonathan,659,0.848892,250.0
jonathan,660,0.86564,30.0
jonathan,661,0.841166,300.0
jonathan,662,0.882109,4.0
jonathan,663,0.84272,15.0
jonathan,664,0.881732,20.0
jonathan,665,0.890389,12.0
